{
  "cv_accuracy_mean": 0.46763506625891943,
  "cv_accuracy_std": 0.03222799253447169,
  "cv_scores": [
    0.48623853211009177,
    0.48623853211009177,
    0.5045871559633027,
    0.4444444444444444,
    0.4166666666666667
  ],
  "model_config": {
    "n_estimators": 500,
    "learning_rate": 0.1,
    "max_depth": 3,
    "min_child_weight": 1,
    "subsample": 0.8,
    "colsample_bytree": 0.8,
    "gamma": 0,
    "reg_alpha": 0,
    "reg_lambda": 1,
    "random_state": 42
  }
}